-- DML 数据操作语言

-- 插入学院数据
insert into tb_colledge (colname, intro) values 
('厉害学院', '是一群猪创建的学院'),
('计算机学院', '创建于1956年是我国首批建立计算机专业。学院现有计算机科学与技术一级学科和网络空间安全一级学科博士学位授予权，其中计算机科学与技术一级学科具有博士后流动站。计算机科学与技术一级学科在2017年全国第四轮学科评估中评为A；2019 U.S.News全球计算机学科排名26名；ESI学科排名0.945‰，进入全球前1‰，位列第43位。'),
('外国语学院', '1998年浙江大学、杭州大学、浙江农业大学、浙江医科大学四校合并，成立新的浙江大学。1999年原浙江大学外语系、原杭州大学外国语学院、原杭州大学大外部、原浙江农业大学公外部、原浙江医科大学外语教学部合并，成立浙江大学外国语学院。2003年学院更名为浙江大学外国语言文化与国际交流学院。'),
('经济管理学院', '四川大学经济学院历史悠久、传承厚重，其前身是创办于1905年的四川大学经济科,距今已有100多年的历史。已故著名经济学家彭迪先、张与九、蒋学模、胡寄窗、陶大镛、胡代光，以及当代著名学者刘诗白等曾先后在此任教或学习。在长期的办学过程中，学院坚持以马克思主义的立场、观点、方法为指导，围绕建设世界一流经济学院的奋斗目标，做实“两个伟大”深度融合，不断提高党的建设质量与科学推进一流事业深度融合。');

-- 插入学生数据
insert into tb_student (stuid, stuname, sex, birth, addr, collid) values
(1001, '赵日天', 1, '1992-2-3', '四川成都', 1),
(1002, '任我行', 1, '1992-2-2', '湖南长沙', 1),
(1033, '王语嫣', 0, '1989-12-3', '四川成都', 1),
(1572, '岳不群', 1, '1993-7-19', '陕西咸阳', 1),
(1378, '纪嫣然', 0, '1995-8-12', '四川绵阳', 1),
(1954, '林平之', 1, '1994-9-20', '福建莆田', 1),
(2035, '东方不败', 1, '1988-6-30', null, 2),
(3011, '林震南', 1, '1985-12-12', '福建莆田', 3),
(3755, '项少龙', 1, '1993-1-25', null, 3),
(3923, '杨不悔', 0, '1985-4-17', '四川成都', 3),
(12324, '杨猪', 0, '1985-2-12', '广州', 3),
(4040, '隔壁老王', 1, '1989-1-1', '四川成都', 2);

-- 删除一个学生数据
delete from tb_student where stuid=4040;

-- 更新学生数据
update tb_student
    set stuname='猪儒', addr='广东广州'
    where stuid=1001;

-- 插入老师数据
insert into tb_teacher (teaid, teaname, title, collid) values
(8888, '戒日王', '教宗',1),
(1122, '张三丰', '教授', 1),
(1133, '宋远桥', '副教授', 1),
(1144, '杨逍', '副教授', 1),
(2255, '范遥', '副教授', 2),
(3366, '韦一笑', '讲师', 3);

-- 插入课程数据
insert into tb_cource (couid, couname, credit, teaid) values
(111, '恋爱心理学', 2, 8888),
(2222, 'Web前端开发', 2, 1122),
(3333, '操作系统', 4, 1122),
(4444, '计算机网络', 2, 1133),
(5555, '编译原理', 4, 1144),
(6666, '算法和数据结构', 3, 1144),
(7777, '经贸法语', 3, 2255),
(8888, '成本会计', 2, 3366),
(9999, '审计学', 3, 3366);

-- 插入课程数据
insert into tb_cource (couid, couname, credit, teaid) values
(1111, '印度文化的先进性', 2, 8888)


-- 插入选课数据
insert into tb_record (sid, cid, seldate, score) values
(1001, 1111, '2017-09-01', 95),
(1001, 2222, '2017-09-01', 87.5),
(1001, 3333, '2017-09-01', 100),
(1001, 4444, '2018-09-03', null),
(1001, 6666, '2017-09-02', 100),
(1002, 1111, '2017-09-03', 65),
(1002, 5555, '2017-09-01', 42),
(1033, 1111, '2017-09-03', 92.5),
(1033, 4444, '2017-09-01', 78),
(1033, 5555, '2017-09-01', 82.5),
(1572, 1111, '2017-09-02', 78),
(1378, 1111, '2017-09-05', 82),
(1378, 7777, '2017-09-02', 65.5),
(2035, 7777, '2018-09-03', 88),
(2035, 9999, default, null),
(3755, 1111, default, null),
(3755, 8888, default, null),
(3755, 9999, '2017-09-01', 92);